SW_Version,CPU_Usage,Memory_Usage_MB,Flash_Size_MB,Num_Features_Enabled,Build_Time_sec
7,28.485983727045713,1439.9935436901633,406.365781938087,24,100.8394882304023
4,63.751419487898275,1771.9812485494538,890.0479062968201,15,81.16464193899924
8,11.576843020349132,1345.3244371626465,291.3380477108302,43,49.57475625950207
5,18.32868655876591,1570.0187666776844,165.7502555002519,31,45.574370154830035
7,73.99328682985515,488.1289429182314,163.76301557424227,9,52.7420958733448
3,24.28357296434669,1030.8034539556218,969.2848969448717,39,36.462051323650485
7,62.219688628149974,216.79691568876794,568.3944846767351,45,38.117185085002006
8,29.05462248373812,644.0219561389215,478.29675435892494,2,99.06911019001679
5,17.955311420747613,1507.6310872034087,849.2518088513166,8,58.4732576507445
4,29.453775279956325,1985.2579124288543,872.3031573893168,7,63.59951805705858
8,67.78135454845273,378.52057925698864,406.94451459881867,44,79.40494655668113
8,78.45571744850287,922.6897685503188,740.9030851057868,39,78.96534951515477
3,76.41758916535933,1640.1277436584871,812.5174818471432,42,26.73768715219257
6,41.77468236947639,567.2641423320179,704.8972346641419,16,103.15407863376656
5,63.44681092565169,1199.1529087441154,240.0738491152918,35,37.73265532239394
2,26.398743633265678,1519.5283328534147,909.3159691697607,30,92.30716360496689
8,33.45181842088106,1308.7738104683222,598.123366728072,10,97.26709881281666
6,81.70686548168958,538.444522307749,361.0045219658834,38,91.48995340913137
2,11.040153880858883,839.692223634331,492.91084334442917,18,77.89776465541452
5,16.840682468357446,1610.825212073715,134.71568752859042,5,21.460899710888285
1,26.630900411682184,1197.60772543763,218.14892432951382,29,56.03754923631707
6,12.122576309905577,209.41330437724292,807.3651974766555,39,80.48394293625812
9,24.514834807183785,1569.783368050569,100.01075051395831,34,58.74512959225387
1,56.643324877575374,263.56043889243034,484.90682551763797,43,106.34798949128131
3,43.713964047399834,1542.3208089162179,582.7994073230836,45,50.880227534961534
7,81.41373688615799,564.4650082974274,150.48220408089838,23,49.35347924586604
4,75.39548493907527,1924.5322642148844,999.1242225864355,5,46.599769309265795
9,37.34538813583008,862.2933523437521,308.9398060746969,30,53.27808689607955
3,30.7538746745034,788.4769094085424,381.0796169439235,6,75.74049643141872
5,40.375392653381354,467.9984905984004,380.84288132364526,46,90.70152942725908
3,57.22359540118462,750.0875878823867,312.9049957964313,44,86.2567917738785
7,31.4450912658301,1777.971371290761,101.36181160775175,4,100.77178199814796
5,59.93191262793072,1993.4018077290452,773.9145897373086,29,108.59139954974249
9,42.752932175299236,862.957154912327,993.3652418145397,23,101.60790423433512
7,54.16377446815842,1007.4991357181766,307.24717855538165,6,21.89454033743546
2,44.890122330825335,1499.7276887649266,712.6556052263624,32,93.59179535519887
4,33.55726076335341,1795.152404837134,785.5122061098527,42,40.83995736183316
9,85.87626455697253,1267.4798015362114,883.9450502796449,18,33.292804270798264
2,71.08846353278086,904.7462567200928,490.50937804057486,15,83.84887847991355
9,21.209054061316202,942.7193135275228,379.9081568117566,40,51.97431954076949
5,79.47743807183302,1452.1126636942524,400.57270383728076,32,25.711716337044326
2,48.99449585996109,205.79287448770162,758.4621117830259,9,33.76297343983613
4,81.56417815152732,1315.2608074277132,854.7042270512077,37,20.092941686996106
7,73.98842047578522,839.8874187944433,267.81130620710087,10,110.32236273447073
8,44.017080357538674,1629.5551962987518,442.74949153777504,20,22.46179838412386
3,11.797544665609392,367.38315168163786,933.3927417962146,6,40.94557695095111
1,31.494188750795686,1258.764080507103,845.384812197939,48,61.62627806879073
4,53.330737172869355,1065.7512017950228,1010.0091641525277,3,55.65713259508191
2,60.67825758609178,1356.1859466294093,796.9253919462426,42,111.17258769127757
8,30.631014834656185,316.736470069343,463.31236574980016,11,24.02889457345421
4,21.14848592582593,1243.9708173706363,645.7493586110453,43,71.22147076770516
2,76.79441894394392,1210.6722583271426,710.777170924524,17,88.0479462524374
6,88.75217445628417,1209.1881699491078,172.49317427702255,32,113.16979736811687
6,52.055214584214866,1286.2777998736187,603.1151902119714,4,82.0371252123721
4,23.734342867864278,1417.642287007452,755.4124455086912,4,100.37552360117627
6,31.784586121549516,1648.9801994253855,254.6048848969798,17,28.37249378453484
2,11.471254123797339,685.6772962307858,821.3037069012148,41,58.59395109369274
2,83.14390452483993,1685.0889383241117,639.4060491950391,19,57.394713447906746
4,19.42008663121129,1096.8602280742166,979.8529299845775,5,108.62882164557176
8,56.121318041140285,338.7049024417961,139.19820354316792,32,35.137117126327496
7,31.92441765497648,305.39167263916255,345.1613511012515,22,35.188617233663024
9,54.33424020126347,801.6289736529094,655.8357844730374,6,52.855814988579844
8,62.11363106814914,1612.8145588006416,374.02135887827995,35,25.44660473668376
5,76.37934429657614,1473.8256825336484,760.1279276018278,22,38.245804065249004
2,26.513701740848255,1619.5069364103315,801.3208810502642,1,116.52096385457352
5,10.879666292678438,1131.0843015948967,194.7247507974224,20,62.81839398671728
8,20.950850405504582,992.358196319883,574.8015249270534,22,83.20192084224365
9,82.0014913478484,465.4145480713111,570.2148733661356,48,92.6111259344637
9,79.91120620500122,790.7469564967608,441.21543167915996,11,56.69614070072005
1,57.79304817362466,981.2348591129755,962.022573014377,13,34.722707441051696
9,58.04134883469227,359.480773423311,864.6158395628564,42,40.65810162217808
7,63.20293396370044,597.1015148801803,744.2214688845044,3,51.326647658061034
9,24.029702289875967,1276.80552931473,760.0378114191377,9,83.60684203522257
8,83.15295567399679,1524.1936056305417,526.6257168833221,12,59.82805490890544
1,43.50164199136585,1997.0255205073092,950.9989374932361,23,20.681469790012812
8,40.65108225995979,1879.6039964184038,741.8061747820357,14,72.34071850674718
8,51.513416422627,1356.6173591633449,773.5785009699744,33,112.1513391907418
3,13.757277342004404,958.2464959293296,896.202395099507,18,101.2077611008679
1,23.302669500486353,1345.119256474819,353.2421485521845,49,102.52113712596311
8,69.04268931410964,1614.1729125444176,845.7335151728336,41,99.50580176061311
3,16.623893434010117,413.00514366209717,280.40231713179867,9,52.37308256104237
3,58.252168757311054,937.8288014533189,419.0959638742764,23,96.5193833754392
1,29.627928774505676,1711.644114144111,410.10405974533467,10,34.3161357811193
5,41.143649123358124,890.8993134794792,1004.1575327915659,19,85.77161472759535
7,33.09549894165599,1229.3700882089358,891.4403947430844,47,84.15685666849944
9,38.45381731719593,1257.9848495519568,747.8809521094,5,22.556979908973467
7,67.52367241473964,532.0572556405509,771.8004477326205,47,98.79701335909316
9,33.769737249854,852.0237949741191,619.3552620279756,23,110.32481050951306
8,55.312371223751775,802.1203197354779,975.1117764082717,30,46.74152784721076
2,48.08403217592797,247.15407535771664,558.543087663302,25,101.2390724186151
1,63.09369322901185,243.54517500443944,451.59836391978257,28,28.24059718619482
7,84.94637914598064,1697.0546786163923,250.6446513247901,34,79.9967858261066
7,68.60576777682002,691.5274579510624,826.4540226892176,45,68.56468653342772
8,27.195230287260543,1132.5417792298676,778.6261932378465,48,74.59235333090001
5,12.494650804902774,737.7060324597915,455.14405559630063,47,112.62052018843451
3,30.98112354398601,1893.222641207613,123.27871449832793,25,107.13152472468535
8,57.60623445602039,666.7341659583927,875.2335308114419,10,98.5083657239757
6,14.114065078740028,973.3822629300831,110.55021671156403,14,47.3698457678371
3,49.70929977609891,1770.9144508722834,750.2185963772431,42,111.18186286860916
1,57.74742791335114,1715.4804202252556,996.5175693868767,46,29.750769246387527
3,36.73951126535687,534.9825521232992,504.39906720894,30,105.33292165587878
5,71.67297629966575,1644.7579576322787,317.11542621626035,41,52.81600723536078
3,18.527860250701742,1024.7363961282067,751.3008132800848,25,25.377231166198335
1,16.0110225388647,1069.3439697536394,855.0264032224006,14,86.93569842407483
5,68.25510049628826,440.2639503486988,604.9016120559309,35,43.12799283159555
7,49.63930529649588,345.08272476282434,993.5405943366791,48,44.35711258646319
7,65.07219171421889,1510.2907525527773,147.74189881195605,34,50.60471662287715
9,44.7861870882997,1093.6300742395397,566.431132833384,10,26.368476750251673
3,29.712162659128545,986.3312647073232,763.8514473260362,35,37.7127144198254
7,75.52818541393597,1513.1148115743142,897.0797953418414,11,20.51396275855603
1,73.95327031751833,1577.9232181839975,265.632185402798,11,64.54095211057867
4,65.57571766835414,486.0347018048364,839.2032171496417,21,28.42553774179713
4,31.771610978397014,1298.4052690597543,610.7013379639359,21,88.2652605044199
5,57.21845334952697,443.63734809983396,466.415602158726,22,43.56228511916484
7,38.87791175520214,1552.4751548522822,221.70468640708245,45,114.35741440351771
7,17.326565866130732,1382.5192812808511,899.5332812318351,7,107.12516273986526
4,83.38508603697943,1921.9063179502243,245.320444358057,17,48.94408949682082
7,20.945490473516912,324.1244294415581,386.2439819092077,2,98.32154546566787
3,86.0189883056642,302.6984980722578,368.00207153329166,12,100.32449046648063
6,45.68046183663646,707.9367344477603,905.1865675923493,42,118.65631141144104
2,24.810634307089572,671.0702307246307,721.5775666490217,18,79.7839986845685
9,53.35207579026865,644.5618383295996,836.133611004828,11,28.196573464366217
5,79.83566687011266,1831.258244937866,331.43233848426905,16,84.6837228926381
6,68.5779909127649,649.1831597291109,677.383668036867,49,82.49797483760352
4,74.52489182891598,689.5095070315358,628.2932884248238,18,83.83505774204318
7,62.70266933685739,1566.9168723523346,869.5352681523625,35,50.71456481042115
9,65.3821251614282,1009.531716410972,937.2244438846848,26,105.96795850803329
7,77.93565212522554,1598.0790025193262,111.2328568451054,16,115.94721829554119
1,29.973440708734877,317.65908361589345,722.7944052103244,6,41.771251297815155
1,49.15399709145124,1077.6281486120918,147.8962783866296,44,28.815215813664445
9,27.696755345568178,260.50448032990874,607.1454065314769,43,39.45350331684841
9,89.01344063973175,312.7757662196382,365.7726416363587,47,102.05521392557188
4,85.52474717492906,1831.5874160199396,383.46157795845846,47,87.66446348198475
9,13.154144909480472,450.6416680116713,426.1336571899775,48,83.60473423391267
3,66.44601380125508,1158.3572280953908,674.0742229218398,42,60.17931351094245
7,84.01986539325327,939.9720846812718,408.6621682779427,12,77.78279715114357
6,24.446027610186682,825.2179872659168,777.0139227454191,13,50.78741252743674
8,55.435618444210355,1819.7000222370905,473.7833042702556,4,67.72000794179613
9,83.23906380704335,239.2821141958811,163.15835708640176,39,99.30630283706559
5,12.715678286863907,1394.8214351160605,824.194094455315,2,118.12415974554621
1,65.7936213797472,1934.1099815843907,364.04069192366035,26,113.24889235898019
3,33.78792058980406,1208.3027302313155,499.87659674971866,27,113.38659428462488
8,83.95169563012243,1886.2804316595652,733.350148097037,27,60.22237348471124
6,87.68465961322943,294.0641827148428,407.1894892054099,15,66.87898805067908
8,85.54131912907471,953.8279743334905,152.28514627956525,8,90.56353963689816
9,47.9371373325971,668.2840237316921,445.50304743983975,7,112.21919280512843
4,78.96341207914507,1515.4777369653136,972.6704904095363,47,34.19942593520847
1,77.56395188280563,1966.334762895044,692.9625831038678,46,50.424186382719576
1,35.528037859460454,661.754112399646,720.4467333684992,40,33.924684459410955
4,76.3132379320542,1377.514282653334,684.2287099611792,12,81.20085299594552
7,12.96061077723941,556.5757389675323,283.86873639851956,13,50.63009968875375
2,57.70159027856424,1217.5944582288978,486.54049043050685,43,52.61078525125735
3,28.400706983016242,1035.0784760390052,793.868373687706,17,27.091595948797924
1,19.645350862182305,1949.6095933367667,193.66855733911905,17,54.97960618075919
5,16.156256130336732,1295.3490908536398,356.7359651068941,36,106.24965074015853
1,65.70310207025118,829.1114697562738,355.31885622244874,21,43.3072811890835
8,37.18999710144529,405.37241279828004,499.18548909732357,8,89.51874662100657
1,67.98134172230093,472.2442917228822,1005.860716630579,5,82.96283449385926
1,15.22850726391539,605.5704739122232,162.37235313585148,26,106.34846083691153
2,35.223227026448825,651.7399904125364,579.2797188076697,16,33.22879476510383
2,53.15930339002698,1731.108904114048,265.73296617928247,36,117.75899603450432
6,73.25785318711709,1210.201018908545,996.9051279586035,28,78.26286460403657
7,35.5002002345656,1142.1036404738597,204.6924383681769,29,119.54741523468144
5,60.071310114960724,406.58396936459144,472.92732618211033,47,111.15147258658509
1,80.87821985889497,1748.2514480289828,781.8057259871761,12,42.15172721131058
1,59.26905505458436,1501.0657457752707,751.0082914973594,37,25.61620099033131
3,28.636757980290703,321.8030514200028,490.6012604899934,30,45.563909379536156
2,11.952062524523042,1474.1031750135837,420.1883311883116,23,72.75636489994199
5,79.60790991207439,1178.368791216763,467.3938377828524,16,37.159636706518995
6,11.701552868030971,347.10562234420087,344.1912671585827,14,36.74597445179885
7,79.97613381473596,1024.9411547515815,289.727635365083,10,66.25935471051531
4,52.31497072217696,1072.4533168340845,546.3286805444143,7,23.326797116935843
7,85.1254158810317,498.39417229389636,348.1251906064692,45,32.188808253227045
8,73.90265886189323,1902.2566646005082,365.6145783650591,37,61.58613394079475
1,89.834728842667,1729.9556686651915,706.8426026504907,29,26.312990920796647
6,38.05694523613681,1404.240207192395,994.9284944907004,3,59.67550564555293
8,71.37506311449016,1032.1320098010929,657.7607733168626,15,67.40062659484451
5,42.15447308873937,941.1779748521153,171.12902756802885,36,65.12666140731145
4,48.39004962431271,1371.7522408717175,169.8392592011579,47,106.91748574030873
2,60.20043705746961,1181.77736493243,979.115056061303,46,73.00624550517324
6,79.8941691349071,312.0915905873941,374.69669024397626,19,66.79804624780434
6,88.72667753594361,1122.504767786597,185.06989514020728,13,61.07092453916662
1,71.46187310916146,1651.526511019111,653.5171985269526,42,101.76233783044862
9,43.4213425733867,1026.6317796745245,676.2514711402059,21,109.50566039998331
6,43.70856018216561,293.52183959768314,699.2184537896678,37,105.32424691971175
3,69.00658412711132,1615.3007588912596,347.07947374036814,27,87.35465781313908
4,29.102171661464187,562.4548078447539,113.96227221417493,29,33.73617459686742
4,18.837929050511573,665.5175027984699,991.674201375932,20,47.68699694920123
3,38.36977261126212,496.4714361781326,331.8251742185787,25,24.606306368197743
3,32.97911933232654,794.3871167686956,724.6482901605539,6,113.08240749901141
3,33.7046496364792,1562.152710239543,752.9259997679277,36,86.07985296909104
4,28.688620083992795,1134.8945471070872,663.6468533814448,2,94.63628843132415
7,13.36745517090895,568.7862934712825,389.12643225341094,22,51.1571739582229
4,11.429914778673105,1780.0941406736736,350.49293847799674,32,104.56535222773424
9,89.01779117888252,1783.2473389127526,652.2454932172976,16,45.96032837084785
1,44.22185069886899,1767.0411650828125,900.2723654572029,18,20.16437571124497
8,40.74613177277453,629.8331804867707,974.7819655252175,5,57.641496252069395
7,64.3717826154456,1012.2308195257785,197.85696326907205,36,77.07614809590734
2,27.460311029205133,1972.9813810535752,243.06163804029313,30,67.87048579655226
8,85.99689471601803,1589.6224573579827,972.9363031155656,45,106.2076142576597
1,72.90760115324417,248.90135820600767,780.5585509813484,19,30.540528595616692
9,17.15288018498076,317.3682642688857,915.8862941427103,23,75.38234406337256
9,43.40646206279427,1035.076478262199,287.23255394105706,34,71.29793498209074
2,80.32946460497317,1836.5963705508084,642.9293449050873,13,48.1392982172163
7,85.57856178331282,1169.6632363148856,747.8529852417456,43,102.22281125770105
3,47.39212089998958,1096.0625144617225,728.4233821530028,29,95.28486558822063
7,59.07291113685662,389.852659921935,477.13216236082906,36,93.2859187331831
9,23.36271568736602,1382.2041885037293,114.22487992276903,22,107.6192478269556
4,89.29349009095813,1679.785689080406,638.6236764871392,47,92.27846006215212
1,28.53373611067547,884.7560135136122,333.8658222019585,36,43.18412917147265
2,85.41854193081005,1596.1013316655894,516.0349234360307,9,90.5562711649691
1,61.97173191938948,1936.0579770214608,984.8048579374472,39,50.77028133898438
5,58.61894359030873,566.7796264298404,468.70863350160965,19,44.21746503474705
5,51.015080881320685,1141.9933361505343,875.9766845579303,38,27.30035928996273
7,28.453584937420693,716.848324552236,274.211519712308,6,94.40285803476768
9,24.12224256044066,1627.1379542609109,721.3535001751267,47,91.10009619498112
9,27.63889672561403,1239.6680585860836,1002.7544259015838,15,43.44994776740937
3,24.915060971540363,1342.2483515905467,194.1492252065936,20,94.93790167241559
3,72.36675788534026,1636.2454873086094,107.68762661792542,9,111.78408830935531
3,38.01002073333841,912.7468507924187,500.6305003925357,32,30.802895749157926
4,14.62741412507171,1847.1621231326778,185.5859463394633,4,43.263663838677495
8,87.52821041126491,1159.451961043052,791.5071391008378,18,95.02607940873155
6,80.70287079707406,484.31868110362643,945.0429653960684,5,47.450667350707825
8,84.22018265561704,1452.6184127038443,501.0353787828932,20,82.46639742837168
1,89.59262581171483,1627.870430788858,339.0495573516274,23,28.116422446371452
8,23.91161993755898,770.171018721548,501.38866676210745,11,65.22024791035386
4,41.699361512212704,1742.9226625977553,768.4657836934009,37,93.9091421992953
1,70.6590780563273,1831.0578585783796,108.36604530026278,22,88.65139430432525
8,65.68164944430337,698.4280772800561,644.6554862838602,4,101.50721006758069
4,22.311672507188405,1970.3386508873998,666.6815168359383,29,107.74521266031688
6,75.26664999924942,453.28075048776515,689.2239401318444,44,97.31835012587582
8,27.955245746932853,563.628203124482,323.62840190233055,34,87.15877429389259
4,27.905409185809845,531.604710628447,759.7847164013891,13,23.172249181603114
3,52.957953831473084,1809.1814780141667,184.4457333705614,42,73.49666734094441
9,57.43519478733625,1377.7265941849314,284.1257908953239,9,23.76977249148528
3,56.40689662702489,473.7877098000912,910.7823231087413,42,100.80678171160226
9,17.31894699182039,992.5821530630282,782.5801912713473,31,52.07245244599576
2,80.19686901043043,1307.5364451256437,112.70089190648301,7,76.2429374117921
2,31.248003407096483,350.23535298088996,329.49966458169536,4,47.94453073189026
2,20.361193702624334,1788.3494631332096,298.1115902856841,19,98.25001443802935
6,81.09984638951818,1646.4863637947633,350.22504710616266,42,108.65025266419025
3,86.45211985838027,1109.3721924379488,328.74522773861503,30,59.8642494213064
9,78.97020938123605,1940.8279074665068,157.77429726638945,31,106.2922393510989
4,74.76128597799024,951.9697626951795,524.0610373354621,35,46.70750074563324
1,62.41935845112174,1971.398574265696,777.0457307024166,21,73.46609230755237
4,54.06858964873115,1402.2559978465288,660.6201136389112,31,105.8761429838704
1,16.958940792912813,1342.4082918570946,721.7334217846258,19,52.588134261579036
5,42.676257045655895,498.718811532413,174.98184096748497,31,115.40422650780857
4,39.81508136098512,1787.4699649483591,979.1774162033514,32,32.187950178138365
8,30.7803027008261,969.4814382571072,874.766454470955,2,21.827506972350623
8,67.87360909508679,492.0201304084628,843.9034542899923,10,110.41353525781906
7,49.67005880630167,222.69353595636628,860.4370358585932,2,26.864866614787225
3,16.483697272611835,1207.5602305490886,961.8245095146715,2,119.18891959474917
1,27.614656155984907,1149.3193198208173,602.8906646890566,24,115.1396861979106
1,64.66070109276768,1494.8365202644854,285.06058450968635,17,33.70209100363206
3,16.090468759224017,1802.4644954320438,669.9080536557481,32,73.75846256925658
6,78.0965531239015,342.9318523574531,786.4225001491757,16,38.49202974671444
7,49.611722161117946,1516.6936826126523,781.8356714591195,16,62.81551730301199
6,48.44692618613184,537.341499375648,581.8188983301973,46,26.14251292598327
6,57.392622772761406,1744.7186956828953,163.25585666422612,39,42.39245877965895
6,75.97447727401193,1674.314324950981,442.9083551094381,31,56.32727963988995
3,37.824736632175444,1173.42875897398,950.7883462201422,43,63.864750024605485
6,64.24129220472508,1478.4370375219607,640.0307926158616,24,117.74962582088932
8,55.25855711966329,765.8302037307471,597.4187155682791,1,100.78656456839812
2,31.362261613553706,1048.1022180790665,348.4206472891468,11,93.74099443119462
5,80.29039890841264,1678.946415878849,440.4468020029189,21,73.70413147419742
1,73.79408172855425,1026.6773549117852,927.2997863775284,4,103.99977606043434
1,62.67614677267404,844.0368775857952,715.8118559147962,7,53.93228356557111
5,78.04653832753935,1089.5824050505398,827.5456127191555,26,90.8899112773316
3,79.3835360767842,1690.848654386993,519.8151709145134,47,119.37839753781721
4,66.66903813720279,803.3744852675709,682.34843077749,12,51.462890893519884
3,76.96106626909376,512.7708676443388,329.50645447872375,31,87.40175348839674
1,65.79771693354269,1481.6252365954053,751.8458071819413,17,104.43148641523824
1,64.41126174082403,1686.7607828745472,495.10363234188367,33,111.58075833506723
5,59.48891025721474,381.14746134236,508.9120556888249,11,91.79326909401018
6,70.2173311646113,631.7734029607004,699.9738279090386,28,48.360792341713626
3,22.688408423445896,455.549581569789,965.1232942372882,32,52.62821515689465
9,80.46966073591427,826.2945408479,159.14186426636573,1,22.075803212396423
5,79.74748221961856,1010.6317620297427,862.062751308635,47,96.08859776715097
8,12.339782642764732,1547.8874065339517,370.1619940208664,28,24.27396060619514
1,76.06534004518102,1372.0656527870135,510.1815759638931,42,106.46523546027457
5,20.309589397875616,1317.6714214611761,120.24791578810827,7,31.86606144745388
3,36.809508340731355,834.274903897378,378.16657591890527,2,37.187651213592424
1,69.48066050332862,1714.6055955525678,564.4312681902406,42,67.65264708322374
4,22.860791683864655,1048.3169013166962,151.90669546903365,24,93.78804151687423
5,75.43736192952497,1962.388888427278,553.7724539500446,4,33.90022051990777
7,76.57073423661936,1341.4558489323263,956.6502210651869,44,64.00710750664985
1,50.597418700866896,427.2765348161049,197.38333353161204,19,68.28512744101047
3,10.510869737346686,1417.1196117357813,806.343232741766,26,41.22856416685913
2,32.96305065399302,785.1872277770582,478.5360533194172,11,31.555837668063173
9,59.35415347005937,1435.3889540349753,705.3805122204883,40,103.64209229856395
6,88.49489424219388,325.3540666923303,340.4586165383519,43,70.24656497627655
3,60.54508216133347,514.786586916727,247.37085058821506,11,21.4381235984153
8,30.78428648513278,1740.3270660304154,248.26745558661324,45,100.29813013091038
8,60.72045624796891,608.9232026423268,165.13455777426566,3,118.07938054145848
2,53.198830377268436,1706.6740254372921,271.53755532874857,12,80.59261954142474
6,72.3876316120915,702.6969592179388,713.7387117298067,3,70.37083870840706
7,18.558451106156674,1357.1874381056737,914.6821253434015,42,107.84158630449616
2,70.88223220016224,1449.4710323176957,852.2521334862336,27,115.25167896845986
2,53.301326294088824,1122.7785556610952,733.0641023240233,49,95.45369159024605
1,87.03936030871957,749.5592180541163,202.03904179185886,2,64.54529297342879
8,37.34977328309489,582.759877467973,367.20920037745765,49,79.22213993314405
1,60.60975145071585,259.7408382123672,386.2615527979613,16,90.09353650179992
9,84.5622484408014,747.1035222333029,330.960218471402,2,39.427357100180146
6,18.20077823925434,1375.6930229563095,575.8652295717841,30,64.7201032216438
7,84.9782789789161,1888.9486732072687,594.8517249488175,20,102.9821264717285
7,65.03085778406506,1768.1680680734937,429.7626410581058,38,85.4725348498443
3,15.426964728413752,1578.9165977635446,426.90118267246686,28,61.12040672118541
2,34.0770853557453,1619.2052178559377,865.5853724652192,25,86.33625340146814
9,66.65376709162253,1396.9728262567914,829.3065918473895,32,31.822241207245987
8,15.388048117501736,668.5163436188054,384.403348473009,10,60.149761056487634
7,56.57363681410186,1832.9510552704937,944.3405221388916,42,99.31285379630563
9,37.67064455623654,1407.3181614305013,980.4010757103156,40,42.0508787136648
4,59.67324142139817,1208.793135764792,401.91010883575774,33,38.59615075574177
4,13.659362705001028,399.78104458426594,427.48865268478266,13,115.08186599164314
1,79.7229444921901,1004.6999788515658,567.20595776189,41,40.989762958623075
8,87.87911753419175,1028.6448881634674,969.5956307811143,42,46.09185796501681
3,87.51022842285532,1756.2144971408059,909.7191562234958,47,116.96159389043379
7,69.97214653943398,1183.9667963380193,194.77279742723698,37,93.47085702650257
2,20.406899210450558,884.7209881467373,462.8832067827886,16,89.95965330235282
2,70.6610556743218,1958.2405913191867,611.3149793287891,45,105.29263838545813
7,11.96695331670412,399.2970679873682,564.894404637623,22,31.582308223679426
6,11.76988412231978,960.5871709615003,279.1294747736888,20,90.59562365800072
3,35.8888175319633,275.6444153085295,893.5466965593749,43,70.36886093282389
9,49.091455232373264,1531.8274173804746,725.4932834890777,27,102.915064028414
6,71.63259342462345,1852.5377939584712,874.2273383630666,41,70.81417186651943
6,64.66363012852042,704.067193190881,893.4981941189124,16,82.0241354268912
1,45.67221651013987,1745.0150182384175,791.4808087871436,34,67.77421263995359
4,31.890133302533272,725.992814831416,505.8305955547388,32,67.81589235558441
6,89.76996001261689,1839.3862909590473,664.1452016342523,26,96.79699780618316
6,44.094504178877834,1557.1314264742111,248.17763525464267,25,82.85664006472831
5,46.11096194637404,1648.8321983145895,722.4483657468147,2,83.32632016094104
1,23.089905695333535,232.4118000808181,265.63000830309545,12,65.02824838315257
8,73.58476389999436,1933.0586427332466,741.2094216313849,40,73.11094963375277
5,65.49457806251908,1508.007785726582,312.14870053666704,9,94.57176662047873
5,27.66156902310083,748.5519716950399,208.61740133880326,12,102.59409191119182
7,16.590483649267416,1692.9103967459246,252.72286889209266,26,89.65614021440462
4,64.43994416597704,706.7381571468738,101.84073294242093,9,112.4072988845683
6,62.36089714249082,1770.9569112190304,764.115406896662,10,102.0324088147201
4,31.860762159856748,402.64470274148664,776.7385693299423,32,76.18637898095184
3,86.06908498003283,1466.6347594294323,575.7984153198518,34,87.14060726437368
7,22.08463134247202,1173.2572579608386,249.09922817517455,48,112.6308276921196
8,44.586784083408155,373.76204635179346,177.20420785987733,20,81.91680442430584
4,85.4892736134079,635.4088908659102,117.6751649880532,39,102.48069479798306
2,43.57818535408978,222.3272652991666,253.15131551586393,2,88.8810503589987
3,61.08207581312684,1043.7823378361104,923.1505143244276,1,75.19363610604665
1,41.80755183702354,742.2774693680007,323.18004173235397,36,44.183819541535314
8,31.937216187893604,1277.0434717359658,427.34670634870724,24,62.599751946842815
3,88.71821183678625,735.028053875511,197.33922766075187,27,116.77428248337156
7,42.74672050520344,739.8544007125724,305.4618455873093,2,85.77653832726
5,81.52793629433076,1537.747757716886,579.7635034009095,31,76.43953803389897
5,28.396368471286895,286.6571047610362,661.563479180383,14,113.29566255282273
7,27.048376322006664,1825.210991345577,326.705538289579,2,78.65117810374487
9,12.490726630760909,1734.0749739041266,153.3445151240083,29,72.6082518417403
5,62.133346030070804,1402.0484298075316,461.31437107371636,15,95.93108551502053
1,39.48210749790089,1267.7988261932917,316.40391473593274,12,91.26656189865444
1,79.14865998717096,1806.144496651374,302.867825064337,37,39.31600084084327
2,47.85679253532457,533.594323151686,986.9132297072326,28,67.13082745741212
6,87.45547423317774,342.1444919434915,669.461648995369,20,67.25154428195853
9,24.842041256249694,631.1183058371686,614.5556814910166,39,57.822451524334475
8,79.48985343644887,1630.2409016603424,484.17619565554946,24,71.72934821522531
5,72.12774822333934,262.40648010766995,496.3445640894533,21,61.31073977271442
1,71.67374757152416,1249.0523031502814,599.7962235463867,10,39.934548947118316
7,77.58265824935101,1991.787529144358,743.501141701363,46,61.23664872746811
5,70.88191927543991,1740.252968907571,748.7829928720104,14,27.22769475731766
6,60.09762573051323,1138.602240278461,258.6451707198354,37,77.57858627744116
7,20.499590214591006,314.5536367159562,562.1041829188033,18,105.3654548941112
3,12.602094359300153,1696.4723258942777,480.6492798115102,24,92.52870843545553
3,83.66782782525495,1278.161314718979,904.366916832911,14,56.03940400541112
5,59.33202516165905,406.8793947072203,683.4310832057798,34,28.707120557730818
6,73.7229832780941,368.94311268204115,592.0337573683671,12,40.21493992252708
9,48.52178812100401,1837.3282749858663,206.62464937331964,22,74.54903404948357
5,19.38465511699156,1404.5604732885413,659.6094097348322,6,40.70570833830328
1,20.014863376204033,1692.7162387701599,208.2964088485357,36,74.39731112849675
4,64.84522297831771,1782.1620205080812,411.5788758227549,45,43.15990247638989
5,44.424471591957015,1229.19023368698,231.98597548844265,36,104.89238694760728
5,26.041978136026938,1131.4034331590742,739.4760498505169,22,59.72714728404597
7,49.327563739314954,974.7693385777824,290.57695318460503,14,44.555062594449105
4,15.136714966010727,770.5038580240147,462.07806082573603,16,101.23261802470616
1,56.557712153151904,982.2727295456812,927.6034945197515,36,54.283896480545074
5,31.519472354807814,1592.9833803142815,288.7883382606485,25,31.148768783878193
7,73.80472805097506,1283.462175827237,569.2118790979118,32,77.04094914036416
6,34.8289567138859,1806.541921918723,487.4070149174043,33,78.15642044379888
5,46.4176119265441,998.084025882538,116.74661392625427,45,91.46956752357342
4,10.92964319264805,1292.7612416937573,832.508496941279,36,44.02194332083856
2,15.79575102356471,1336.3535955655798,163.79841743469015,20,64.37713390922451
4,41.399484512534784,1265.054892151386,538.2116393827051,18,48.23679190426562
3,48.39510677736988,1464.7407915539295,618.0667445235897,38,28.09537361156881
1,58.001643849544294,627.3802430746513,680.6660459118784,3,107.66138270158916
8,33.33300629674426,1122.2547995824232,736.295625480477,23,92.88698044883411
5,65.5985508901234,387.6046450550258,334.02368237498877,32,50.14630594588007
4,78.80979177513636,892.1203897606626,109.22038963240722,45,79.93729928719864
8,72.38807911146799,1077.8007235182758,768.4619440159387,16,40.126378813447246
7,13.169506027868572,1374.0036671818505,594.9466977971626,5,109.02366217957709
2,48.44055578062631,1910.9558946551663,872.5727577634979,4,31.49063433619103
1,18.39441427345399,1281.1719197870407,858.9628473202415,21,20.38371455078009
4,29.363601269002196,1538.4690491178076,879.2333790360041,40,70.20081977391821
8,88.93300746137172,1111.278907091365,548.2274658210952,14,78.31278234528693
2,21.39964343212106,1341.3872564773962,408.27263775326384,39,77.89653202958044
3,49.911052276108485,327.67798904079217,831.3997791944258,31,25.451192743782627
1,59.452458745449526,657.9048455153245,516.9957604390315,14,51.404380691843244
1,66.19719764352831,851.3355677692497,269.5005894767735,6,69.91989468413318
3,54.77189467895313,1050.4880390117246,889.9959940748023,12,41.65791856272409
5,10.781667793534693,282.1677419042907,915.4853261376488,16,107.26258854858963
3,36.11690465951935,452.04337559597184,530.8702146735172,17,28.710928946143405
1,51.416931470776916,698.2657540243504,169.94654803424362,45,68.73844416720428
1,17.02931993158667,1948.7588436218912,458.3513070832445,23,89.14160575131521
8,38.050154496734464,796.4246127854914,842.4687973434455,14,46.17511001344825
2,12.656248703309325,1067.6739046017485,933.2392023767153,7,82.42407369975182
3,16.28627977240166,552.9758829291072,288.00881406777853,46,102.93851501423745
2,41.75386209612768,1299.4041279363828,161.88361751135088,32,39.033697509504755
3,20.617260323444828,705.2297879287537,910.6718186947429,15,111.72205918248628
7,55.40326786092465,572.5866411891682,459.8101636164808,44,75.3558532662358
1,65.15719753098125,1129.8307312027623,600.5871309832285,17,49.92320043010606
8,74.04693592872663,209.91043848875748,994.4928103349013,41,63.08582753822707
2,26.012019539584806,213.79525876860558,161.50580859274191,47,51.2191883786388
3,23.39860658072558,594.323856383344,699.0458388857363,44,92.51111599333161
9,18.36542722675202,266.09845250147805,168.47341045917716,34,99.63006634151321
7,60.914419963490936,394.44635743524447,446.93328990304633,5,103.2937392318661
4,66.5180581189521,809.9491688097529,842.7246397587448,45,118.57682495857412
5,12.526891586051363,1644.6542232436632,500.52834306620616,27,99.12842924966836
2,84.89697969949519,1229.6875580647416,1021.3964950063262,23,80.13840706885634
8,14.157702692117793,1122.8019067215496,616.5707792906604,40,53.92202983917838
4,53.30370682408564,728.279881774619,396.75382903562104,14,74.45954487107494
9,66.72484155607332,1877.1566949790695,303.3828651359919,15,24.10681727904054
5,79.67752989968685,914.627074226945,423.8809736804135,43,94.48250755299131
9,67.12695457059422,356.7669802323887,444.2207449538249,33,64.59555450921017
4,74.13824664558335,1310.7197290120423,163.49143821693994,31,22.00232297321876
5,37.15601540342448,404.9091082578825,441.48656027033843,35,26.25069415104108
9,75.18600909972098,821.4016570430457,528.9563922390439,17,58.74664638217566
8,16.409187710774013,1113.341489692056,767.8096830686555,28,78.34215190184351
3,81.58533248484221,1773.6005444333164,706.8180438827658,19,66.42039489521267
1,53.8073900922989,1088.3838446122136,754.8994654317386,46,81.9204317292155
3,75.3838215969995,1464.0657788569956,107.72804205421596,23,68.02942587913557
4,46.18546276146401,1987.0703101983268,301.12467721241535,32,86.17038454813468
2,61.486215615721996,436.6804158163669,711.3962824814674,40,41.91260646708009
1,52.11221287488905,694.5167459351351,547.2061761980864,13,31.28431871836214
7,68.52716174042655,910.2369360757635,104.90965151755165,20,79.64339546256599
8,16.530398562447168,959.2907213698965,843.3530496070039,35,68.46895169363074
7,14.828166719245104,939.8379354779823,814.0760457202717,5,22.686765404493528
5,29.768258720811716,1833.6998046017989,606.7393066060519,9,58.04818854930359
1,22.763574409055067,1485.2587600403415,161.41211301727543,29,30.61255854909955
7,79.74268532737614,1294.2293853632668,808.2599057681082,6,73.13568317526952
7,27.537118988643545,756.8708921530077,639.3513550637803,25,59.577767966043076
9,88.0692204655305,1682.8226915983305,822.5310188939543,31,81.31519111030178
3,36.951663341688544,1919.10892067298,794.6142209737566,22,100.56022187702384
9,24.569433255095944,1678.1569085904077,841.9739144890415,2,49.96686838414908
1,73.17588057139832,202.81718934465124,578.6394533578733,45,116.21021041650275
1,62.69662204007009,1345.5224663301326,229.65985481080784,5,73.56345005875744
4,49.85565731625112,292.0436865957813,720.1495054028323,27,81.8290798754788
9,54.4290840750105,663.6929966006994,673.3177773880209,25,88.0672373225737
6,67.53614226178111,307.14446062598904,785.8419449719565,8,86.67315298575897
3,28.276379306503898,1286.8318153088978,256.9700495908794,1,71.09707430450621
1,89.70671328453935,1435.8618442866923,280.1570847078672,20,62.87642911146835
4,87.98345297174265,406.0777485186292,922.7383939106595,44,25.37819641773779
9,62.026054907754954,890.9099894809631,792.9794857697134,23,22.208584530117975
3,25.963396074331612,1021.2257161199757,939.2031235590983,32,55.79611945327647
9,64.41825939450331,864.2954391696499,801.0529567554628,11,53.366089063369266
7,15.775872718334067,417.8450008733475,651.7715027350389,39,58.769515483900676
4,12.452200176464485,954.1060223374558,704.4186490137553,47,33.836820088819
3,30.614631080897095,1552.1204860551527,921.5542017205692,24,93.81682705368436
5,47.009836539145304,327.81379615985986,634.817441169033,11,105.69644147762389
5,79.46180043267044,344.3240253474262,684.32958367943,29,113.8714635374035
3,68.17352558130465,838.5883253047716,244.58448558732692,26,69.23623035196258
9,69.41652169599848,1895.106280914065,537.9032073872788,16,90.08656991254286
4,44.03946675584603,1403.4307641012454,761.9509314492834,35,105.55511234358725
5,37.674799403757035,1421.6059220106167,350.35105324432163,20,61.829111109348595
4,39.683101038768214,851.4559835081569,286.88286280467025,46,50.94127948704444
5,89.01196509888463,1268.5894241753692,389.97597079935997,3,113.67245558534901
7,13.208735312998598,218.23613124993807,323.14658026537813,1,71.56765510770731
9,79.36251968979589,1344.972883537176,298.5792766216298,47,69.7253886590878
7,56.29403268579147,1843.9165056372262,492.56217881011236,1,37.841609656349576
5,45.08923353516724,1302.6322430206744,938.8427868283856,17,30.815501457335674
7,68.02061283321092,1772.6574682394212,568.5231135865756,2,104.21068624835117
5,48.93351531397623,1503.151499838969,273.6384318733585,29,81.4133176187518
3,79.87385904653284,417.0051495266424,171.12182250792765,20,52.58245840194487
7,82.05614912090068,1824.415953114515,743.248278107443,6,39.17362173902664
2,43.73767414987643,319.5989198403948,453.70605833922235,8,75.54972801696314
9,32.14622377880413,1161.1414505859748,859.371794644872,29,78.39192892611354
1,57.388026287468975,455.8468228282238,709.3879502240717,48,40.699360124505816
6,82.98906764933528,221.07189931562732,835.7271003002245,33,105.1405747891474
7,26.852975120453326,959.6616682297503,351.27814042264663,3,28.42643661558511
8,59.83732668507862,731.0732737774813,739.7396443540177,35,55.609308516642166
9,60.524817607401644,1074.8008888356853,343.99327385699615,5,88.03844137625221
2,68.64904179322248,1238.9597961221914,967.6992750120694,27,47.41203638192007
2,20.525414810180784,278.73033015610525,688.009836136838,44,102.76751947812718
5,67.26599717456708,421.40593122274214,399.8489033620161,12,93.98678266004035
5,82.72260165325127,1205.5563136107658,349.02896075805995,20,98.90228445481343
6,24.374648709619358,817.7012357107848,276.4161646061986,45,31.910653587671625
3,29.00346599391021,1512.5122775890063,741.8482460178045,20,34.054712799554295
8,87.71160752333117,1374.1249674654914,302.09322641008487,9,48.64737377445836
1,24.47815621675918,1722.0878533818322,650.0602177169999,39,71.8077165197561
6,78.35080746956633,1446.4870880046055,344.5227648790302,4,94.80160766994024
4,49.38222851584278,973.8759393022666,711.6593049895346,19,103.65308907609035
1,29.778485952254165,1411.3399203099782,853.0043091714582,38,90.43353159571805
7,79.65999210180091,695.6861136597533,818.8953246656595,27,112.85968815306383
9,45.62442040021324,751.3642978007828,803.0266297800423,45,93.87435096159302
4,51.18538831437522,1620.173287857428,273.4555028596409,43,50.626788700461475
4,38.73866955198125,1003.5551295228479,181.66769101369528,13,46.50812843385726
6,57.436068114794196,1637.0846129330346,745.8287175223443,13,89.61924503010898
3,23.08190980680182,1680.3602726029012,440.35282554598064,22,39.28705686896143
6,41.286522932140855,1743.6122077903108,499.4879131966929,28,29.27148108102699
7,87.552985786823,1849.943424514173,128.78176174109333,47,73.22228748561939
3,30.650674616090203,975.7733969239332,339.84863913014544,45,102.16415697789553
7,62.538933163303376,773.9602729780499,131.11699718000474,22,30.137984246986353
3,36.01520513797559,1247.957743869405,912.3676538835529,43,99.18913237957292
2,71.87785005492805,868.1103621877296,324.8985352939221,19,101.1572004351548
4,20.469892857467986,1281.9335002404193,614.9795446854595,8,68.22740000815435
8,87.58568360628358,1470.0545527588843,136.0168922908845,8,25.73103100104868
9,46.30316331069114,1439.1290332858464,716.166989566428,42,37.45898512471864
7,28.884037067717117,874.1951966362184,398.47726747678274,26,90.74262751619324
1,15.879739786401013,500.3483630577551,929.6773287488833,48,91.17779449909494
3,23.580632407003257,974.9528092319736,920.6212065750491,26,109.83552751676653
9,51.58191588448141,456.66945934743575,400.56853136625494,23,78.2686146554583
1,36.9602541145029,1802.174663330855,932.4878676179924,43,32.41073677137774
9,76.31066927060876,822.5794293281433,1020.4496903128717,13,32.14149055049721
8,44.47100189294447,478.0275450019828,862.684073650528,28,92.11323573568237
1,29.897141807010392,245.80596783035156,880.6611253258316,9,38.37846651079012
6,59.371598928322406,1362.4802953156716,330.08407216479907,20,52.83854996166053
5,66.54217735083566,1346.4241714185378,632.8730165445668,19,68.72120069219139
6,23.363352632075987,813.087499846325,162.1444645058479,48,22.47648775761512
5,23.409537303065413,329.08139992577185,187.7041736232228,39,44.881902701993184
6,12.933714154683438,937.3320108114176,1022.9767735187605,12,60.788960850728
5,68.91216120525124,760.1914911141084,401.8146664695417,15,47.96363184932062
5,63.10436220974441,1418.817151523017,791.3219347331341,31,33.63703274675658
4,47.97047005998511,1290.4026490148426,845.3585089967784,14,92.80122577961974
3,77.53363591753578,856.268710755572,892.8135024106798,11,101.31476551679849
3,74.45361223600426,592.2065976589822,1021.8085467995926,26,45.747897614372484
4,56.82834915174017,1978.4647390800653,323.1427523773459,42,97.44194946063033
9,79.4617024410607,1017.2029181530067,137.28416401836253,27,58.55535644013138
2,26.467296802941462,1438.8936244044266,479.9409626269974,11,70.66857908540028
9,18.95356955181823,452.99534164104944,220.194538921947,38,105.60010748931528
1,31.579968921359168,1074.0614593869159,120.72152158573894,34,94.99536818024079
1,14.566948487145188,249.5660957650379,433.03438827873316,43,100.51168513161777
5,52.49356224008256,1109.81921223881,824.1741439935184,19,33.68451665863568
6,84.92845538359691,1935.2313328118641,623.1509586919655,6,26.971942583372947
6,13.147483253480772,891.5720833744404,389.00686203036713,46,109.3404729087987
3,19.768793120802144,270.19282263484087,704.612013075273,38,58.783426957109434
7,46.175922262674824,255.72042365481835,314.3847986053411,49,48.78796780696808
9,84.7100014022324,898.376167904365,113.28845617060657,42,92.46962542618245
8,35.29248839814004,488.0448856337493,806.2625290672589,28,103.64155965798567
6,50.57878469507139,242.03377339073464,676.3386104143444,1,106.2489621898301
8,13.325828724031368,1561.1845051103182,804.367625038887,35,51.59971411252273
5,21.86745607696711,1025.3414159874033,135.97872741940301,40,105.2212391201674
8,88.93040983670775,720.6405895507781,873.4985361155226,8,24.09339443743454
4,87.20949571488364,1820.1497294296653,672.4422088335442,47,24.966149145971887
8,10.39519847475277,409.05012836094613,620.5773040584795,7,82.35191951741544
2,86.14494283385912,1920.6538921195745,677.1433804578272,11,26.310636911554624
5,61.12959502524003,765.1400912792351,898.7363201063685,39,52.46091685101615
9,79.43346356160177,1799.1266101556262,642.3293320604301,4,87.2755986246924
4,46.379188450708725,1285.2971776630309,636.7981510166777,25,53.726689605422635
6,51.24768228634002,1688.0732475346774,1015.3875411287676,12,37.9599781440096
1,49.10772642055362,1971.2236937788357,799.2186743713569,26,48.135062185384164
9,63.34914060368835,719.1297880737422,508.679476236849,38,65.75753322504318
1,21.172100380505032,1930.0438737336674,753.6348280304252,46,67.53858553554824
5,12.397887189814236,901.0674108243567,459.64895584321255,12,98.30002313472019
4,34.63439532729527,893.9214285264602,311.48092733475306,43,95.01532294315125
3,66.37446101893174,812.6967876581102,651.4911342442897,37,65.68178045561352
6,26.148276169835867,1174.5336932256532,957.6402586572912,46,104.56673490987714
2,63.874594665993385,477.46107772127675,958.5249164942876,24,31.423713859139582
3,87.59296368858163,1196.68067364442,415.92047696947304,16,45.53533502289015
5,17.512057263153473,1175.0686623380072,587.5739787888461,13,102.79764635022515
9,63.8081694580101,1571.423262688766,295.55157027855176,25,57.79940386261531
2,45.50001754436569,1700.569931487654,1019.9631451769683,4,118.11815587938422
8,79.45138035020042,992.7944305623632,1006.5529468699726,11,66.62532815278354
2,24.171983155790873,744.1998488326888,700.1462510496814,32,99.19356229637641
5,65.41007617809316,666.80281517077,843.2785911419854,49,60.23070413823719
7,77.04922317184882,550.3229060687695,760.7525490261388,7,62.49535190624304
8,85.56913755792186,303.7656479582448,648.0781943924686,46,58.28831472841835
1,64.65984226317167,816.406361902484,149.2935492177415,11,91.90756205108117
6,49.773981120674186,686.4458458354098,520.2022525186588,28,74.75178840599945
1,59.42777921609711,1939.5512945595333,723.5025432026873,41,114.37781113683691
2,79.51239875829745,1203.875887250079,726.0392112285247,23,45.08903165341047
1,55.64877973110637,825.0986702549136,444.76529942228245,45,30.056273208344436
5,12.430964775746949,1244.8416817886527,970.1233956720203,23,59.326148509921524
9,84.47589564055822,450.55406242225195,254.63789778678566,28,81.6712707646776
6,65.1621400825249,999.2787485639652,562.332128303178,43,106.0798936915495
1,64.12107086217972,1327.2217785579148,738.3767943329602,47,54.619688668032765
1,27.254012191817374,1080.0160972264125,744.1534846440318,26,85.37867511244616
2,62.71083761861257,923.2018411777836,699.3423960543855,25,55.01986810232191
9,41.50915245233268,1988.9271000194567,354.36630922951883,29,81.72195829944582
3,62.098638163319364,1784.5665718680686,244.3348694664387,19,108.48079470306509
1,18.527442424639258,1322.1307246869922,687.6088619878808,33,43.1357642259409
5,62.627624368242884,1224.8792501281089,653.7551553128404,36,60.424164210703914
7,89.95309806165332,1317.1888636842514,265.72495350725865,14,119.32651964297466
6,13.856963108844482,562.3617940803799,751.5485705072006,14,106.85570282494608
1,88.17393473770538,911.2479378757735,520.5789203618986,35,76.4639857896202
5,42.55263685782965,271.0271592036188,717.0107866413133,30,71.66275918542753
5,79.66027602698074,1055.982867476288,873.7271817076193,28,48.4600382304681
6,72.59083872466188,1177.4442511237937,256.82906800507703,17,71.72094276935294
3,55.36130087893342,609.9495249857773,117.68985802907709,3,104.81814982799472
5,69.07593674010613,1935.2519248979247,819.8907898297069,16,88.51745132777806
7,80.28124490410784,1837.0182996870356,663.3604208410171,46,49.004402817798656
5,42.331225732082636,1499.8578238206305,746.4669623308405,30,40.14639210535329
5,36.16265292505909,1160.0959317776526,874.4551968895057,29,46.52085369968291
5,63.40747084508678,1765.9444873658329,841.7973037778385,45,36.97592013928265
3,74.62767535530068,435.1742188822333,987.890215762234,15,29.564069602371596
1,70.98281078212926,1622.917629694793,595.2040128593572,46,61.9136174442055
5,73.82509190869075,424.67746514032694,551.3699645777526,25,31.32996043982677
9,44.84666518503464,1629.5791925889298,471.3437726990346,38,37.191255772710434
1,75.42673729400173,696.3816228524424,242.010523588045,42,74.73246843394861
3,19.616724429648677,1778.76304583274,629.0890831829887,47,36.45992736995747
4,53.559127836867965,1899.2757688857162,355.9595724772044,38,26.387976743090285
1,10.460692839849726,467.83274492920816,951.2881412847893,23,51.73888500278852
1,35.96686639202162,1032.8160891177083,638.8683031520382,25,42.031909862196756
8,39.31692278971183,1965.7772806928333,647.7843267894938,42,71.53051879943767
2,41.69381532874043,1070.133384751664,427.95038665035725,7,30.236708458320933
8,65.63737653518898,1754.3855405261813,148.0381612274017,22,95.17707876829782
7,41.08464810162766,1259.7167398363758,129.3312392046415,17,110.62335194351387
2,45.895489809802456,875.5938342552834,491.1616731975545,18,94.34351739561944
6,29.0035304699462,714.4103999465664,178.13840936184778,49,73.28270374013943
6,39.860143330347206,565.8015639549571,660.7265869190885,41,106.06678217888852
3,28.181570181052116,1571.236744479855,914.0190572110434,10,89.49183797815076
2,15.855673901475491,895.7729122814502,915.8132904632993,10,21.055112245018986
1,58.275887470510234,1120.2958319613522,708.9579589621827,7,59.40901527745031
6,63.4570238844013,1086.1858640021273,295.17821228098825,48,105.09518994068
5,59.55922768076916,1239.1022526196361,897.4090721755978,38,54.58588579752693
9,47.07952350404579,1758.038862124194,918.7503342294043,27,23.52151735255235
1,40.38286241433838,1965.330818450173,281.7079124965338,33,94.61796385522723
7,79.06669196574602,933.6515754328705,781.3817032521058,1,100.20382702828685
5,51.526542810897446,1689.5340597913455,364.7440632086616,44,36.05936950433086
5,48.33455021037848,1576.1500303784917,841.639648614107,34,73.73404968431812
2,12.051365264514855,1232.352112620032,1021.4478195109289,4,39.19554389957258
3,37.299826210092505,1920.8848585014796,127.74402892435896,17,91.92344190441467
7,40.41564950286856,560.8541279511251,929.166059990821,4,47.15504551774856
6,41.90582247175204,396.67557855731854,675.31061304516,43,51.621512256333006
2,56.413789538186585,1737.13154051976,999.4055401082948,26,104.49708536401013
6,52.68820373815028,990.4696699407469,529.6687941944191,4,67.63223522069043
2,58.63240742347557,1724.543937572709,882.9864478479493,1,86.97544512182478
2,71.19066092337026,1807.5623693517468,157.65211938480815,7,60.23730507224676
2,75.03885909728749,312.4236685143286,409.79784227234524,30,49.80068571937554
3,67.44984609811955,1790.2365733749093,161.923280882118,9,82.54780604246614
2,86.44189567639478,1006.97429966496,1001.2170553346612,35,35.485757407882126
4,11.45860661410893,1118.778480207618,854.8838903191771,8,57.2999835566863
9,25.662238854683686,1327.8665199677785,887.7538172312767,24,40.90370373859223
6,10.60502999825137,1867.4886921141563,966.6798738449182,19,89.57949669407455
1,61.79797713236824,234.40896997357527,178.63562117468166,36,114.42088383461076
8,81.84244391599896,1058.3182429720707,456.29217548232003,43,119.55109680158664
7,29.478583726103942,1437.8996763750092,165.63623747665798,27,65.02768104415907
3,84.16276358370453,1500.8725238568113,294.77282583222643,32,45.25303896364444
1,14.821391223164868,1446.5583767667943,311.93397798280927,14,64.28293703843241
5,84.75488214444114,441.9832329346193,533.4550630079627,18,104.72694099627238
4,38.12981497917075,738.9120590690262,348.1514427271658,28,40.60056785520399
8,18.11366627593732,845.6879457506242,193.30377069961125,29,115.20956516529237
1,48.86974073490605,1647.9869738231089,254.7617663229555,16,54.1865768798151
1,30.542125417640634,701.7677703461954,236.08262072213202,35,118.5803659450305
4,32.78983215695383,579.2689349609657,999.1229612709636,47,103.86088875339622
8,34.58319719410292,1923.406434268573,801.5862763926696,31,100.85705341473903
5,74.24207182661307,215.95391320424403,994.2115939090753,4,51.790467377328355
2,53.132902134020355,1996.0775402275608,506.3202095333075,37,20.877721194792947
6,34.90461593248029,1418.2783379433122,357.2124770562947,17,58.213290882598784
5,58.826702664873466,1691.2447390084108,837.6229142212885,39,50.18093696626937
2,67.29205393785548,730.3149134231477,401.45862027001965,48,23.739699040879728
3,31.8099200586827,225.76749980070795,376.6302373037418,46,70.53652565059296
9,43.08392812202812,1528.1651334107542,314.83553680003604,26,60.30313112827366
7,19.750887466955803,1701.4602746012165,219.82337587919346,48,83.45564677415248
7,24.491947962774425,1532.8570375163345,336.97186837949175,39,82.11863221940831
6,64.48942831719862,457.1305171415095,428.31544758987224,41,32.07466358966801
8,24.515067815650156,1556.1702600625445,722.7706483266549,4,117.69655461266225
4,52.01307069336481,1584.0610077937538,157.80991421077326,30,38.6931429441447
8,66.72370093779462,1385.3729282060988,294.5084122507769,30,64.52740247647046
4,18.55015384757951,1579.0086790320552,847.537843629509,22,68.8117543433735
8,55.38497757031229,1722.658591419918,235.7558573914042,11,101.30627972141201
9,30.5250226961091,1304.4874056274252,416.6041153868099,2,29.922959609464677
3,87.03415001900639,359.4884851454223,898.9448437969214,44,62.864427920853174
3,48.683651737593976,1077.7300574009796,243.150987496541,12,82.85021702362039
2,74.47940398201266,339.7688024088891,176.44883611120747,30,41.51556216240556
3,54.01812337250094,933.5774558583755,547.71310745393,36,82.74678987660728
3,13.473002628385533,932.7916804261297,379.4356284213676,18,112.36648375496527
5,60.65211004752179,318.81771945243486,620.5893287830812,26,119.7518131172675
5,86.11226737653256,827.8769611450628,842.715718806731,7,23.245107679067573
2,58.1289456117065,399.7965778243667,226.7252030531347,1,43.558822824467754
6,75.53510875414321,1654.8233780166,636.5659541281593,26,51.03071157916975
5,80.73651706787263,1905.8384467360474,567.0900946002342,23,59.91261004449661
6,28.246381755914598,330.16965546428946,233.1287982761964,26,44.22571575847674
1,26.96358719265813,1919.2073731250625,676.5746006287798,45,40.34879945553125
5,58.87847910807934,1140.6378788061413,352.843746103353,6,115.45538424175
9,42.882277584536375,739.218220316973,550.7589103346675,6,111.85216027705178
2,77.18890422933762,338.3517354970943,176.01962763200518,44,24.699250100311748
1,82.00184987184089,1101.123682526752,524.6556688653877,8,53.881302160484815
9,38.27371034421745,1630.1279800833477,383.172244471566,24,60.51485536784066
9,28.949644717958563,1472.7556590800566,859.8802391352674,22,43.90145346659433
9,72.44204121950895,290.40682063515277,152.6483437455683,19,82.88728969881754
6,31.984482843850888,331.22330366222633,486.79312202453684,37,84.0380746644241
8,75.80914548109428,925.1719087387468,523.5906358974487,18,105.05042283285971
1,43.89906029190102,731.5228892862979,769.9056145003857,31,94.08692683852178
4,63.403991943317635,618.2917815008861,630.6417193833549,37,74.25733269659557
1,17.642825106773454,705.8080980356845,716.5041995674233,30,85.35867700444199
8,59.90874597412584,1646.2689379343924,817.9935399422227,42,47.39887815430181
1,46.14141429897833,1872.610496537337,896.6755476601664,33,79.30561899673577
3,56.92867705403793,929.1848501496196,390.0209589715627,10,68.92272547499192
4,23.441136619589074,1830.9998038384947,597.1329797562464,37,33.334446731637044
8,68.94989959553456,778.6922622461875,876.2598644778207,12,44.254427658297075
6,79.02376620345828,1057.5865754188249,1014.2528450117121,30,49.169345072158606
7,27.339184007262052,606.8521960687995,921.9158434044372,27,112.4309567052558
8,17.657164441612938,1352.8568759165191,443.2357506649242,39,43.03866393858894
2,11.891086883706912,1962.166007314656,280.33386191003297,9,48.924390281966815
8,61.357720035461284,1286.2875728780816,552.1987045636879,21,56.93541300894323
3,58.56752288710246,844.0653514043879,785.276701496503,12,86.3742738625387
7,53.7357930171256,1366.071402782951,555.133821376047,29,31.823839247214053
3,28.555767689278035,421.25722123769765,546.4591177018297,33,115.3945212493776
7,41.27247967244117,1799.5863444777176,874.5249090795837,43,106.55712200947644
2,57.55810681489385,1105.5511114037054,433.9370918580802,15,77.72160730089502
6,49.741348708733554,1008.8295356713558,894.4502795259606,2,87.40378674249567
3,89.02284161719098,1254.5566192163346,475.88763607939256,39,21.6660471244216
3,20.91518020453865,1324.6109530209244,403.28738964678564,44,53.89447753484487
9,65.6115643238075,329.19645120772344,519.4866779485219,18,99.5660230661442
7,42.34550144834337,1428.7109982021243,804.5009898155785,3,27.74829737923859
5,44.25596919404918,635.4770245679533,216.42587374633072,7,48.231383421072024
7,67.4078212526541,1485.1147385118616,281.49135546574405,43,78.52968283343114
9,65.39489210594957,1680.562629891554,979.135018912697,18,45.64130276989418
1,89.30047949617506,1647.1253135945365,262.1542637003742,44,113.39779741445192
7,20.27154315633002,1194.5017413342005,624.5800417682944,38,33.10586308042904
6,18.328771950733305,1136.305806159352,635.2865671956306,37,99.73943579077786
9,67.94710537029928,457.1767304109411,552.4130029344262,33,70.79486919064082
1,56.27095336051273,1595.623070725644,695.7446096849803,44,95.0330775819956
4,31.932853324784467,688.5368848040858,312.35989463699946,31,51.071532831144744
9,16.35354951911893,1094.0517610723036,610.6599354257153,11,71.44896023120387
4,16.852659967714445,711.6933672695301,443.88808784813295,4,105.68353497231763
3,81.53526997312946,440.8910533994476,711.3805478973707,18,66.68780991231044
9,25.34938597749943,1333.2038544051259,230.4905540767901,4,55.971986191026964
2,35.86972496924166,297.7976626812269,627.4907331596761,49,73.61553862527362
4,28.13251217815904,1547.56142142716,271.1898083741911,34,91.73627530363669
6,38.39970446655499,771.65623147001,357.4661903182936,29,64.35633454985027
2,15.55390741968747,200.2424474080736,302.0878554989909,24,113.8876975142273
8,51.52478327266163,1120.0324506270135,268.942108598787,22,49.49458240423421
8,15.409005087377192,284.3334353496856,862.9569192420563,2,67.54636061691204
1,74.02852062578893,697.105204077619,363.99379251866264,44,95.69276593414415
3,28.696966552834642,1472.557677420289,956.6623744427512,6,88.91210904957582
9,53.20095316836085,312.84131891935857,996.2121094189564,42,106.36410524171562
5,80.40632700491666,1710.809286240804,627.844674221878,25,119.68091806811088
6,62.07018952377553,206.8758607854496,232.1330373431312,21,62.68583287950896
4,52.636622924106824,644.282964563424,446.08257688273306,16,31.115087978331182
2,35.94670024923005,1533.6273010737286,837.1046113337497,31,23.0415880807968
8,36.64015304465583,769.2862695127523,439.4690333160931,14,92.68769061397717
6,63.55895641585521,383.4062985188243,180.4039097117768,39,107.40136713087156
5,89.5311488976934,848.4210538407701,614.4692576976456,28,42.07125859444187
9,62.94713518795029,686.707915492146,880.8916667823362,32,35.8448037189906
1,54.62267338960199,1716.8814238889988,835.4359817205963,28,26.2205091525691
5,68.45204081913968,764.0262516532576,261.8137814804464,49,102.27029217172064
6,47.21644898269745,1620.078449196813,721.6345037171193,9,51.13819398925843
5,14.811387408062817,1805.3698606593225,303.74593941453793,45,60.169689275977646
6,54.98374527023279,980.8713552377532,301.6237619262072,22,70.27501916096122
6,86.61002276043041,1837.8976589379056,907.6423185339911,32,103.94532342095508
7,24.024235388612773,879.1724971337471,330.69411233197263,5,85.0833221561485
4,65.20039126565325,1935.3411496821948,343.2405481826423,23,81.50646298578113
8,26.074695092724518,360.7211441460313,100.60373306344079,5,37.56720999559107
7,52.8662147578465,1436.634679705837,904.4981875319784,42,71.31898917098297
9,17.73411597173757,1088.8652728224715,832.3576074052405,32,91.53810171786552
7,46.02967490065481,897.7678498201647,679.6519360237864,10,117.32608830304918
3,70.49306631161969,1338.8813817474816,793.2455658794903,39,40.14063092133522
3,37.80572193911857,1466.9427649417962,240.49287630023042,15,20.954335306722665
8,63.19293795897744,207.85388537055636,523.4910013989197,7,27.530143359846974
5,73.63599686317833,500.51555974495767,424.52671391027354,29,57.58524651819792
4,84.17422555835621,1483.4828911417737,186.64951026148324,47,102.05446477459871
8,28.771366548436283,1399.4937444407717,549.1845683385898,3,20.714208176824506
6,41.94527326474465,1938.885509231619,950.7634369165951,19,65.67305928858403
2,22.193281066433393,1569.8680224514094,137.0146260028417,10,52.92306153413945
4,89.39868017267001,1911.3908739164085,369.30988406826555,28,25.248171009972758
4,84.16007743394363,1464.5729027626526,291.76782505407,29,65.02362866726173
6,53.196570422444765,736.4939755509977,320.04750798710336,15,45.474870733671885
6,77.3626635501137,389.6568600515417,939.3935259365428,35,55.18848343470064
1,51.67663818176337,1607.282954020884,532.4958061124842,6,90.5615304784293
8,59.88685504022078,1359.4685986566487,530.8606575563927,12,72.15509839109671
6,17.12995456928133,286.7348223079332,802.7718936286808,47,32.46474289928133
3,70.42163363974464,848.090838621761,242.75079650055144,38,116.1414540423639
9,20.217078690818788,1922.239667871715,550.2331871884469,13,83.59107657097384
2,76.08541042020227,1100.722062278362,497.3063378478592,29,96.58684256625315
8,72.56224701363087,978.9124448354684,651.5454780651103,19,27.921315000837083
3,66.69957581943811,1023.8592892867291,1023.5913178034052,3,24.70583794600189
5,12.89283044198097,575.9889032092947,810.9707781318115,8,21.944805036808116
6,34.250268475626285,863.6729075566313,467.62790958810274,8,38.879402777344445
6,31.04900559286743,865.6638607769179,864.6590203012194,20,61.44083977184951
4,38.810912597721526,294.23903633745033,257.7345277007317,47,113.58261334028228
3,17.011419741107083,1581.621731332253,128.14844614947916,4,65.70596592657763
4,84.95662584248502,949.7079774269822,288.9102961569883,21,49.02551053725294
1,54.3041792569901,1679.923796269562,414.54027784957594,3,76.19352535196634
4,34.44194485264188,1730.6264020158117,571.7766198926333,45,31.193457813478922
1,41.75852136594267,581.5892984575845,668.3793258600687,8,80.95058910049832
1,45.77620324038685,1383.2362679062314,941.3996827061256,23,76.84319543305034
6,58.047546668849385,1050.1072474933671,571.1051048246229,16,99.19930334057096
5,51.25435421571982,1784.282128258673,563.1786956341739,13,118.6687611617024
4,83.55135785715339,588.3332225176174,146.4245410764355,3,45.08734717161105
3,49.75707863246642,1420.0637605580796,132.2582746543508,48,70.96564508037606
1,89.372641185865,1293.9538200549007,609.2718048107279,9,110.88654063190036
6,78.11399661960766,731.542659629299,504.87703864147034,14,98.51898844228413
2,26.680841148586865,445.8816265721107,875.4026849617959,13,68.74063031008076
8,84.4476171715133,1372.9515688590977,248.46793627374495,7,114.53716496147779
5,19.309311830838087,1529.4754246381951,123.07381579615382,15,25.72366935168094
7,75.39597667929533,768.12921877403,514.9118215674363,7,113.0998619712584
2,40.4498634781264,1360.6986872401649,319.4301864390859,38,25.050739238280656
8,80.23794563560556,911.2356337007059,145.8436809650858,34,74.73047441146844
2,79.44453520859602,1483.7723899087118,769.5288170472091,41,109.04409480010858
4,74.4740320094097,558.5874948092955,203.11193196049666,22,46.27209435613028
1,73.20243490456491,1802.387004745114,662.087218007181,24,67.22484989451586
5,34.37433112784326,717.3372736380435,359.6899691542056,49,52.43288791369666
9,16.473542644100174,862.0147779610752,260.3103505280403,37,115.21439170763514
1,42.23841430121291,304.5655137446296,450.89040717744933,44,102.36455947530908
9,23.881961198920692,400.7219821782975,840.5358972300091,1,90.90015113263796
8,65.59608711219694,1128.5514248821905,462.29446505982514,10,78.76269866151087
6,37.687978123022845,681.6668181103487,793.7111558710154,43,102.05917893241481
7,88.04881606879319,1703.86440633595,215.94933824241525,16,59.226704152354706
3,61.27776618762656,226.44809957891692,814.0407917705331,46,64.7551855106062
1,75.79844509074887,882.3692876094851,318.9263922137434,8,93.00017210808615
5,20.601973819347876,807.2219841843668,725.9112520173185,49,55.77547632937142
2,78.9611585818098,234.78973565168187,622.7821566730806,25,26.390094204837382
5,83.82057524107155,423.8631182009184,958.5297187035991,12,27.433460888607147
8,48.96495350551487,944.5568148535435,457.8860066091902,25,31.536280130570386
9,58.50023502007819,1087.156252005404,161.136634483023,17,106.96813233436627
2,71.18478407223964,927.7215450587644,117.69966864935768,26,67.22264257562043
3,23.987090180833004,1155.6878211417688,864.0173103388239,46,91.28823693447364
3,50.205286117075396,1271.2370148302268,584.8557291991633,48,59.29093356048933
1,41.89304222178505,217.86287803010413,816.3255038954932,14,45.871094741563454
8,21.70991937297993,1035.371287016307,316.60925441063955,41,54.71921675622119
6,39.40275378332252,1934.2986335976589,418.857380854228,36,99.41823453171835
8,15.453784750839485,1134.2581042331876,127.8159779232587,23,82.52161250314381
9,12.064952555958959,1419.5760814261157,988.4189079064796,43,113.7639779957902
5,20.81330313238582,761.3549442503897,717.1099457915516,6,87.97047785768339
3,87.0492089271339,1593.1844806749725,962.2815010895989,47,77.0181631754694
5,53.96236287160136,1591.2586673770072,345.31868046446283,5,81.01960089858345
5,87.2657728922576,1138.33288577745,664.9923767725106,43,114.23714394684146
5,44.59983026641056,1956.8248819025844,726.9339707023973,25,98.8200929866706
3,34.945290646820766,425.99038657277606,393.4159230380117,18,22.404123736643783
4,50.49134902721953,230.5057968012458,883.6529331544422,13,73.41396961356972
9,45.16093509063281,1586.2847811627728,975.177191719829,43,88.83384115465648
9,18.453174740939513,1652.8799672567886,917.606128751108,14,94.86984784391551
2,61.266105175216495,416.3730124170372,782.8978857679803,28,41.31421193139367
8,27.28305460076797,678.0490993254909,356.37736406585753,18,106.71773544513522
8,59.56703639182636,231.59425405993204,360.21322290560374,28,115.58431471751638
7,62.01608739185227,727.9554994050164,990.144936092139,27,43.67153058448697
8,22.16198825029185,1591.6553730536086,109.50287424457943,32,108.26154575172458
3,14.907970168853453,1132.328949882642,761.6301752757415,47,29.69787625160954
6,72.46092688547519,826.5720677029185,752.5714542010622,9,25.57068361152452
1,46.78403390154561,869.1307308313945,675.3651358376128,40,32.922380010274935
7,14.653103640438063,202.43652628784267,1014.860573784264,32,25.7741079467036
1,89.58930537358137,739.6409496174247,388.17659864568213,20,104.5012237155776
9,14.622444879709331,1363.6257349482748,414.1340021449613,28,25.905014445827195
1,65.60281830868425,1953.5499988694428,172.94000832261733,33,47.16641913636555
1,88.69431402107308,1724.7094885710192,509.1454781664134,4,30.37563435358564
7,29.13440833727405,242.47093636195243,341.2088382409996,46,49.542203631376495
2,21.379949494975694,1817.4090884147108,417.28931281214324,34,29.05594676009205
5,19.71079515379431,1609.7571439375267,871.1443341961999,48,86.8003250743014
8,34.262011805407646,1604.6770224277648,964.3876904994061,3,33.33268163425751
8,18.083664880851735,1024.3923662064285,271.6173585327915,26,105.18459258388879
3,65.37290733553056,916.4095273181051,444.19825275540245,8,101.7191050726641
7,14.983343850405015,745.2483118997467,958.0546393946241,6,21.36616854706094
3,50.75377025198318,318.2507461178584,157.1110176768417,16,109.57263555151145
6,89.73574830823814,610.8236542886584,185.34112797491375,24,22.894431674336705
6,75.11762156048151,643.8865429604443,250.41887402655593,48,43.96457849575566
3,59.21755505848087,1071.338725478363,649.9766587332323,39,23.238913777599507
7,34.500289662928935,1545.3999318740491,239.03637840954167,30,53.584348703931596
3,59.91166690333108,1052.8576911163038,994.5025764604777,45,71.38665257132716
8,52.163317112932134,304.1200090048891,512.7642231868729,13,99.66448690151381
4,44.086670711229715,1924.021641778767,563.4025953635537,5,53.79815504698362
1,20.45683013921596,1896.903774369402,327.9125610041956,25,90.54900246731167
4,80.92833721923733,1613.341177667135,535.1672732496937,20,38.75044571189804
7,45.9827719057058,1984.390222815597,711.6081965565986,18,95.05984567441264
4,25.569800945661207,1180.0681990404732,794.0876745455355,47,43.599660590923754
6,39.420748070183166,1932.9830304557709,796.5741084239596,18,34.354475594376794
9,43.130380202314164,336.0890731101514,633.9713881293376,2,38.54088503740543
1,76.20303164534994,858.2253468704683,935.6284320943241,10,38.206312888185536
5,68.68915044491217,605.6862824121786,855.2848509108451,45,71.28628793769911
7,71.54439149130718,552.499551441686,799.5124579815299,47,104.4797581188146
1,10.882501154291777,453.44530800681696,151.37950203274562,12,27.960507699250563
4,43.29231985438092,1320.344554818794,106.35523709095597,47,90.69563184934226
6,48.50753213082589,1606.379340345149,296.301284128617,13,85.43464596528577
2,11.535382145844535,1240.937118956649,713.0958007760299,47,107.25199518293624
5,30.785056699602737,464.53287725877743,479.9464797274723,11,44.41475605069073
1,70.8231858497708,1660.0227858802477,471.823383592564,19,65.01098586850296
6,20.968776458319923,1344.7184728947113,917.3582847241631,35,112.58273744435174
6,52.824810516207336,898.698271028592,927.500071673819,39,85.99934501353172
4,27.216149761379,1413.4345319649133,940.0779439855132,26,58.87684128615969
8,10.969661971511462,667.828962637099,390.02334269988523,46,33.141238285526846
4,29.29611660796332,821.3459752895789,738.5355709710778,14,46.248500790059104
8,88.0699003928043,1851.4745176375825,350.9890594975176,45,78.12154774893833
8,74.12296895063916,722.9081102085566,276.1234857607916,44,91.81679475605137
5,86.76613154568267,1045.978882684286,270.60039058896916,24,32.44218868518935
4,49.028323514109,1802.2540473128263,416.1074416779609,41,79.9597260044054
2,18.778895894200282,1473.8984304815494,497.2808406765553,1,75.0351278838751
3,53.83675911789544,311.96580709646497,867.7970340548832,43,71.3955446690708
3,46.350186764796874,465.1454797021466,210.77937036878598,22,89.01231176820079
4,77.54856661916928,214.11486338945028,779.0714829928822,23,103.74495950834618
4,17.846606462739565,1335.659222412494,591.0643407109181,19,52.298968317686835
5,49.059290961742256,1005.812165738753,366.06149663261704,18,108.90121901109595
4,22.00389317551874,441.694731624096,555.3652961083299,12,36.063361261855064
8,35.974074151204796,1924.2814179021868,377.1464724739689,28,37.302386975116434
6,68.98856619102398,1153.3875031021157,650.7797266401948,28,46.67720636239239
6,48.081450349501324,635.4079294032006,500.87178471824564,33,31.953086954707782
8,40.07106281166155,1101.0864280784735,251.91070886888394,19,43.03192246828776
7,41.55810228560283,1423.316598923194,207.72276088946376,28,30.64117629028446
8,46.75574147247893,337.23059235241607,605.1468102346482,49,102.17524169853904
2,72.80132350696455,694.4668670862056,933.8296427563596,37,33.89689918866246
9,81.36677511521876,1652.5378835911886,417.81690237930144,26,94.72975575598568
1,86.42677492031426,1027.3967667247903,777.2920990737039,35,24.791386791333373
8,72.9522709004236,1183.8388556581308,708.6030919643447,34,114.85203275139152
4,35.23255165984102,979.0688039770447,960.7567408219604,35,91.11600875277662
4,65.05077648692337,279.01989675740924,858.5864599844061,40,20.67965485861118
5,45.008249924431354,498.34960367628065,623.5432592286478,16,96.3856500200214
8,30.373649763684092,1001.9749497354036,707.0961803683151,38,71.40819207661853
5,77.26972635407381,576.53383773427,930.1090951236482,13,97.93651703351198
8,13.074107916986,289.96225158742175,469.15535695832773,23,72.24968088905885
1,82.14095937083388,1718.5693952932827,401.9583082125863,22,84.10248576353547
9,46.91819716997873,1966.1465524954085,109.98944127892142,16,98.63316553950405
6,60.976118144662436,1627.657173194131,863.7331925529129,28,60.51080545878567
3,62.748313776462616,1736.8128590684007,840.1061671727092,48,20.27081498204521
8,81.60941925652291,635.5588345706817,196.5159747245399,35,104.99464959451885
9,60.93357457337659,1929.1285559237594,633.016220166615,45,58.08903626246626
6,59.114686780804945,554.4662680161712,528.7190891062039,46,69.60427260165831
7,15.332163244855197,1912.573658651298,209.68720425041897,8,20.77666421539687
1,51.47264175561632,1990.6747291387119,1006.0450418041086,44,69.2092010350098
5,22.01352006536333,1481.1010503428877,298.3790000161404,22,118.64874015717295
5,68.99470149771885,1966.0587172252795,162.1243824036785,21,47.82676608187697
4,50.97775366501396,1225.1716032207867,649.6389786597645,26,59.541827024237804
6,64.41822233666826,667.1752097169626,782.7128096709222,40,88.71899964686766
7,13.333832048190741,986.5925941981176,129.97774414760076,21,101.47936675236586
9,16.783361283664256,1268.4096836818146,708.6550981837685,25,61.73916240061003
1,67.30587104501458,331.546811648627,591.837693379144,41,50.96688704012925
6,15.76674687989387,1320.217876311043,195.41686820054474,1,113.7825799985067
7,15.700538221220688,1966.1201061721301,259.4120622984385,6,87.71449666716693
3,10.968678018790996,542.1937696107098,624.8082507200584,23,31.902130449314107
8,86.5201118639584,1626.67120931909,373.8344348862785,23,26.892787813464864
5,69.00066875672056,1834.217828803315,967.003733273816,43,68.35498507903691
9,38.260112680165136,1898.6628670763976,856.5159720432629,43,42.00900660472725
5,33.72284650301242,1928.244087929805,1008.8160988186246,23,45.39847533762535
9,37.97625837966797,1138.6273496986496,339.9358551901825,32,107.76921788278483
4,71.97228249449455,1959.1542343847066,996.0246367053307,30,28.95660243163107
9,62.90964888563315,1563.15837284199,498.4600956873995,13,91.53641152288897
5,24.815645429397435,491.0085852265314,421.1073668699093,43,47.1142253380588
9,23.928746826726748,1058.420191642346,146.5229629196824,18,96.03282214041377
3,17.871651977071785,1492.9961156696072,148.75509826227284,23,92.24113844635446
4,62.82421757610705,645.2125684743501,739.418400494709,15,20.7391901444293
9,71.14981297773888,1353.1073303879973,523.1263908570418,33,70.91354129215992
6,31.203714266000322,1399.8808622839147,309.30598245736167,21,33.93194823780463
2,11.675596882473025,492.8595388554186,667.3085630445149,39,106.62270305786768
7,16.573733398114186,1217.1535624149615,333.6409012631027,23,107.15858828624066
2,87.42880278760244,1588.9284397614938,633.7317410142465,27,61.8345807493758
2,33.63558219819362,1098.0121961646955,431.9088822120059,45,64.43956184510805
1,71.53785182705069,221.78561019699336,860.9622573893208,44,50.32829394045271
3,59.9730855083411,216.26924434272593,858.3232525485041,18,91.6606298960031
6,40.555171172231674,842.6528191460219,541.0717678650988,24,55.86613630264591
8,26.45498097564441,1867.1493231772076,424.1568570255544,47,46.77924745226338
9,19.710913452752514,611.6182032864958,435.00525202060334,40,63.22310595045082
7,59.20103744310933,1341.854639969037,844.4802217174333,42,29.148751838745873
4,71.97070245102304,599.7365672479771,403.2378421049935,7,94.66032046442038
6,61.512340283290456,779.0059813871875,293.17086130512575,48,21.259640127178695
5,52.42417065993266,1726.475761282671,178.2520278927835,20,84.4485061520594
8,13.356097874530901,1511.9505960859044,531.2244436971934,27,38.28645267548724
1,87.47910220755071,371.7186991637791,545.4900594019339,6,43.240404621441314
1,73.89713533236596,971.6636377755805,876.9996484122862,27,83.56319986400399
6,33.42576293607718,252.50557456147604,304.4245555161631,9,119.29434657829071
2,88.39762634870806,1065.602263885416,452.0359368696015,45,97.77174890725507
5,58.15052717090577,1392.3812210619226,846.9669027377704,31,42.5839632223392
1,56.593812656579715,413.3047224766728,861.0282163320516,21,37.60247550411338
7,69.84585435436257,719.9928900364982,455.3806342043818,26,106.62328702676703
1,74.941583047211,916.1059259038825,524.2305975168931,40,64.41839479215042
4,62.518288586520214,1855.1558443808894,380.2361631447374,48,33.70528028281555
9,20.247659709296002,1987.8590277613353,961.6807076594444,45,106.2211423321938
1,37.06140047955987,280.84033819210856,209.6268395452202,13,101.60923529142615
4,84.24669122608398,1569.8142622917057,962.7844668533583,49,118.39063638971636
6,27.969248947508156,869.1033195242178,731.8926014958571,23,110.9743686712684
6,39.77336190700107,906.4247352130641,591.1726690825396,20,105.17903386605417
8,44.56615063553568,1557.6769520246407,130.1769721648742,37,25.257439781100317
1,45.15239917555618,1853.1675778617355,539.4508812435356,28,30.441536949811802
7,59.03516659956204,1911.6714701045871,476.7592490225246,17,76.89831943041227
1,85.4460670195766,1238.8206548689775,248.96618226501323,28,73.1479246281821
7,29.2554169466004,842.8180867409051,706.522473634607,41,65.79632144895355
3,19.720110104073445,1617.5883545458028,997.343438408296,2,59.67893254145842
8,25.797639188794985,651.8024898721405,619.4624614236212,25,63.12104848643289
3,80.95399201674157,1215.333251900332,760.4320274342059,41,76.92979341347953
1,61.664865012416485,845.4412307447717,163.2482181709995,6,20.20765176000812
8,32.87254313913281,1381.935932674177,485.92430413490314,11,46.07087741328522
3,75.27575511748938,632.7180432083123,207.5152402919942,38,71.8279720688711
2,78.90959970907488,544.8673023226863,666.2233520357356,6,92.22160986736462
1,77.72114709522225,1852.8303560157867,967.1575141898788,45,37.41566923953963
3,83.51412269116436,383.24662930916645,711.482624803794,11,74.6881173787433
2,30.179281613868927,1110.724233922877,170.9660166425255,14,91.44596838857818
2,70.40335429970227,597.535009333416,427.71157340621653,2,64.46276579139047
6,46.8431597819312,270.0739339862014,608.8129626033468,40,22.708113367005105
1,77.35988423120492,264.8338729245675,472.56396666712504,3,64.92681584656367
2,68.27925417292906,515.3991897904892,870.2870656790592,35,49.64448877441531
6,72.11579571997797,1760.1866381108005,852.75600835203,33,112.96496077013283
3,62.49294701448572,708.461739158648,665.3318625753766,24,32.46133856783274
4,24.19430155757655,1910.8265070355324,445.07514130261967,19,85.24759555072322
1,53.60215351175506,1246.9201273805484,335.9308093572376,18,25.271976633450116
8,88.77357916196065,985.9055415837789,197.8278700289315,49,64.61704378126964
7,84.99104531976951,1244.1599024050183,427.92545954157595,24,75.39794872200807
7,13.453898863760934,1130.057093407282,481.77140589993286,45,49.79549313168654
3,23.18518525835497,1565.7972567631853,724.460382796164,35,65.50756355203845
3,20.538301876364955,708.4929187511341,708.1396776509579,1,36.35537945301874
2,68.07839279882364,835.4907048805443,164.77992102852141,36,50.41238494680361
1,75.4228263885556,1809.3697445598514,465.21960745838976,25,82.11063249102031
7,27.080909304853755,1903.6217236707298,267.96367330884243,45,50.18000558611551
7,50.46821543614632,1806.604809475654,244.89493971272844,49,109.97430784088716
2,77.256242240896,955.0063891231645,864.4271863572152,43,82.84069576409897
7,68.62412358130004,1604.657905412387,138.72966024582195,34,63.864901843598446
8,53.378976439347866,1057.404319941978,487.3249773335601,25,23.87569355541825
1,57.22781523670183,1095.5717338629838,255.4201779282628,16,69.95483352046713
9,50.6688437533024,568.4241963031111,912.50111928691,34,96.47762421250891
7,33.803876105505644,1264.0345458653296,614.7054342661324,29,46.555759801241365
3,55.20175942872129,535.0446159560263,313.79570801220757,19,100.67735696487674
